{
  "company_name": "Sample Peer A",
  "dcf_value": 1966.63,
  "peer_value": 11760.0,
  "combined_valuation": 6863.31,
  "top_peers": [
    {
      "peer_name": "Sample Peer B",
      "similarity": 0.8543,
      "ev_ebitda": 16.8,
      "pe_ratio": 25.1
    }
  ],
  "sensitivity_analysis": {
    "wacc_values": [
      0.08,
      0.09,
      0.09999999999999999,
      0.10999999999999999,
      0.11999999999999998
    ],
    "terminal_growth_values": [
      0.02,
      0.03,
      0.039999999999999994
    ],
    "valuation_matrix": [
      [
        2367.28,
        2760.81,
        3351.12
      ],
      [
        2025.2,
        2297.37,
        2678.42
      ],
      [
        1768.92,
        1966.63,
        2230.24
      ],
      [
        1569.83,
        1718.81,
        1910.35
      ],
      [
        1410.76,
        1526.26,
        1670.63
      ]
    ]
  }
}